{"v":"5.5.7","fr":25,"ip":0,"op":54,"w":1500,"h":1500,"nm":"44_Pensive Face","ddd":0,"assets":[],"layers":[{"ddd":0,"ind":1,"ty":3,"nm":"SIZE","sr":1,"ks":{"o":{"a":0,"k":0,"ix":11},"r":{"a":0,"k":0,"ix":10},"p":{"a":0,"k":[749.695,748.848,0],"ix":2},"a":{"a":0,"k":[60,60,0],"ix":1},"s":{"a":0,"k":[650,650,100],"ix":6}},"ao":0,"ip":0,"op":54,"st":0,"bm":0},{"ddd":0,"ind":2,"ty":3,"nm":"Body CONTROL","parent":1,"sr":1,"ks":{"o":{"a":0,"k":0,"ix":11},"r":{"a":0,"k":0,"ix":10},"p":{"a":1,"k":[{"i":{"x":0.198,"y":1},"o":{"x":0.333,"y":0},"t":0,"s":[60.5,60.684,0],"to":[0,0.517,0],"ti":[0,-0.517,0]},{"i":{"x":0.833,"y":0.833},"o":{"x":0.167,"y":0.167},"t":31,"s":[60.5,63.784,0],"to":[0,0,0],"ti":[0,0,0]},{"i":{"x":0.427,"y":1},"o":{"x":0.609,"y":0},"t":33,"s":[60.5,63.784,0],"to":[0,-0.517,0],"ti":[0,0.517,0]},{"t":54,"s":[60.5,60.684,0]}],"ix":2},"a":{"a":0,"k":[60,60,0],"ix":1},"s":{"a":1,"k":[{"i":{"x":[0.198,0.198,0.667],"y":[1,1,1]},"o":{"x":[0.333,0.333,0.333],"y":[0,0,0]},"t":0,"s":[100,100,100]},{"i":{"x":[0.833,0.833,0.833],"y":[0.833,0.833,0.833]},"o":{"x":[0.167,0.167,0.167],"y":[0.167,0.167,0.167]},"t":31,"s":[104.3,95.8,100]},{"i":{"x":[0.427,0.427,0.49],"y":[1,1,1]},"o":{"x":[0.609,0.609,0.333],"y":[0,0,0]},"t":33,"s":[104.3,95.8,100]},{"t":54,"s":[100,100,100]}],"ix":6}},"ao":0,"ip":0,"op":54,"st":0,"bm":0},{"ddd":0,"ind":3,"ty":3,"nm":"Face CONTROL","parent":8,"sr":1,"ks":{"o":{"a":0,"k":0,"ix":11},"r":{"a":0,"k":0,"ix":10},"p":{"a":1,"k":[{"i":{"x":0.198,"y":1},"o":{"x":0.333,"y":0},"t":0,"s":[0,-86.4,0],"to":[0,14.4,0],"ti":[0,-14.4,0]},{"i":{"x":0.833,"y":0.833},"o":{"x":0.167,"y":0.167},"t":31,"s":[0,0,0],"to":[0,0,0],"ti":[0,0,0]},{"i":{"x":0.427,"y":1},"o":{"x":0.609,"y":0},"t":33,"s":[0,0,0],"to":[0,-14.4,0],"ti":[0,14.4,0]},{"t":54,"s":[0,-86.4,0]}],"ix":2},"a":{"a":0,"k":[60,60,0],"ix":1},"s":{"a":0,"k":[100,100,100],"ix":6}},"ao":0,"ip":0,"op":54,"st":0,"bm":0},{"ddd":0,"ind":5,"ty":4,"nm":"Light","parent":2,"sr":1,"ks":{"o":{"a":0,"k":70,"ix":11},"r":{"a":0,"k":0,"ix":10},"p":{"a":0,"k":[59.695,60,0],"ix":2},"a":{"a":0,"k":[0,0,0],"ix":1},"s":{"a":0,"k":[100,100,100],"ix":6}},"ao":0,"shapes":[{"ty":"gr","it":[{"d":1,"ty":"el","s":{"a":0,"k":[127.932,127.932],"ix":2},"p":{"a":0,"k":[0,0],"ix":3},"nm":"Ellipse Path 1","mn":"ADBE Vector Shape - Ellipse","hd":false},{"ty":"gf","o":{"a":0,"k":100,"ix":10},"r":1,"bm":0,"g":{"p":3,"k":{"a":0,"k":[0,1,1,1,0.5,1,1,1,1,1,1,1,0,1,0.361,0.5,1,0],"ix":9}},"s":{"a":0,"k":[0.744,-64.67],"ix":5},"e":{"a":0,"k":[0.658,-9.553],"ix":6},"t":1,"nm":"Gradient Fill 1","mn":"ADBE Vector Graphic - G-Fill","hd":false},{"ty":"tr","p":{"a":0,"k":[0,-0.5],"ix":2},"a":{"a":0,"k":[0,0],"ix":1},"s":{"a":0,"k":[100,100],"ix":3},"r":{"a":0,"k":0,"ix":6},"o":{"a":0,"k":100,"ix":7},"sk":{"a":0,"k":0,"ix":4},"sa":{"a":0,"k":0,"ix":5},"nm":"Transform"}],"nm":"Ellipse 2","np":3,"cix":2,"bm":0,"ix":1,"mn":"ADBE Vector Group","hd":false}],"ip":0,"op":54,"st":0,"bm":16},{"ddd":0,"ind":6,"ty":4,"nm":"Face","parent":2,"sr":1,"ks":{"o":{"a":0,"k":100,"ix":11},"r":{"a":0,"k":0,"ix":10},"p":{"a":0,"k":[59.695,60,0],"ix":2},"a":{"a":0,"k":[0,0,0],"ix":1},"s":{"a":0,"k":[100,100,100],"ix":6}},"ao":0,"shapes":[{"ty":"gr","it":[{"ty":"gr","it":[{"ty":"gr","it":[{"ty":"gr","it":[{"ind":0,"ty":"sh","ix":1,"ks":{"a":0,"k":{"i":[[-2.625,0.375],[5.981,0.538],[3.395,3.514],[-3.874,-5.63]],"o":[[2.625,-0.375],[-9.367,-0.842],[-2.225,-2.302],[10.258,14.908]],"v":[[73.128,-18.878],[72.378,-23.128],[50.128,-33.128],[45.753,-32.253]],"c":true},"ix":2},"nm":"Path 1","mn":"ADBE Vector Shape - Group","hd":false},{"ty":"tr","p":{"a":1,"k":[{"i":{"x":0.198,"y":1},"o":{"x":0.333,"y":0},"t":0,"s":[33.656,-45.559],"to":[0,0.667],"ti":[0,-0.667]},{"i":{"x":0.833,"y":0.833},"o":{"x":0.167,"y":0.167},"t":24,"s":[33.656,-41.559],"to":[0,0],"ti":[0,0]},{"i":{"x":0.427,"y":1},"o":{"x":0.609,"y":0},"t":33,"s":[33.656,-41.559],"to":[0,-0.667],"ti":[0,0.667]},{"t":54,"s":[33.656,-45.559]}],"ix":2},"a":{"a":0,"k":[54.301,-34.329],"ix":1},"s":{"a":0,"k":[100,100],"ix":3},"r":{"a":0,"k":0,"ix":6},"o":{"a":0,"k":100,"ix":7},"sk":{"a":0,"k":0,"ix":4},"sa":{"a":0,"k":0,"ix":5},"nm":"Transform"}],"nm":"Shape 2","np":3,"cix":2,"bm":0,"ix":1,"mn":"ADBE Vector Group","hd":false},{"ty":"gr","it":[{"ind":0,"ty":"sh","ix":1,"ks":{"a":0,"k":{"i":[[-5.862,-0.543],[-1.302,2.093],[2.919,-2.117],[10.384,-0.243]],"o":[[14.721,1.364],[1.302,-2.093],[-7.003,5.078],[-7.008,0.164]],"v":[[-52.716,-17.657],[-26.012,-33.294],[-28.465,-35.23],[-51.852,-22.262]],"c":true},"ix":2},"nm":"Path 1","mn":"ADBE Vector Shape - Group","hd":false},{"ty":"tr","p":{"a":1,"k":[{"i":{"x":0.198,"y":1},"o":{"x":0.333,"y":0},"t":0,"s":[-35.73,-43.547],"to":[0,0.667],"ti":[0,-0.667]},{"i":{"x":0.833,"y":0.833},"o":{"x":0.167,"y":0.167},"t":24,"s":[-35.73,-39.547],"to":[0,0],"ti":[0,0]},{"i":{"x":0.427,"y":1},"o":{"x":0.609,"y":0},"t":33,"s":[-35.73,-39.547],"to":[0,-0.667],"ti":[0,0.667]},{"t":54,"s":[-35.73,-43.547]}],"ix":2},"a":{"a":0,"k":[-35.814,-32.082],"ix":1},"s":{"a":0,"k":[100,100],"ix":3},"r":{"a":0,"k":0,"ix":6},"o":{"a":0,"k":100,"ix":7},"sk":{"a":0,"k":0,"ix":4},"sa":{"a":0,"k":0,"ix":5},"nm":"Transform"}],"nm":"Shape 1","np":3,"cix":2,"bm":0,"ix":2,"mn":"ADBE Vector Group","hd":false},{"ty":"gr","it":[{"ind":0,"ty":"sh","ix":1,"ks":{"a":1,"k":[{"i":{"x":0.198,"y":1},"o":{"x":0.333,"y":0},"t":0,"s":[{"i":[[3.073,1.448],[-1.375,-2.375],[-11.875,0],[-2.25,3.5],[2.095,-0.625],[3.427,-0.073]],"o":[[-2.564,-1.208],[1.165,2.012],[11.5,0],[2.069,-3.219],[-3.177,0.948],[-3.427,0.073]],"v":[[-45.515,19.218],[-47.765,21.218],[-29.765,33.718],[-11.14,23.093],[-12.515,19.593],[-27.515,21.468]],"c":true}]},{"i":{"x":0.833,"y":0.833},"o":{"x":0.167,"y":0.167},"t":30,"s":[{"i":[[1.875,2.125],[-1.375,-2.375],[-11.875,0],[-2.25,3.5],[1.875,-1.125],[13.25,0]],"o":[[-1.875,-2.125],[1.165,2.012],[11.5,0],[2.069,-3.219],[-1.875,1.125],[-8.75,0]],"v":[[-45.515,19.218],[-47.765,21.218],[-29.765,33.718],[-11.14,23.093],[-12.515,19.593],[-30.515,24.718]],"c":true}]},{"i":{"x":0.427,"y":1},"o":{"x":0.609,"y":0},"t":33,"s":[{"i":[[1.875,2.125],[-1.375,-2.375],[-11.875,0],[-2.25,3.5],[1.875,-1.125],[13.25,0]],"o":[[-1.875,-2.125],[1.165,2.012],[11.5,0],[2.069,-3.219],[-1.875,1.125],[-8.75,0]],"v":[[-45.515,19.218],[-47.765,21.218],[-29.765,33.718],[-11.14,23.093],[-12.515,19.593],[-30.515,24.718]],"c":true}]},{"t":54,"s":[{"i":[[3.073,1.448],[-1.375,-2.375],[-11.875,0],[-2.25,3.5],[2.095,-0.625],[3.427,-0.073]],"o":[[-2.564,-1.208],[1.165,2.012],[11.5,0],[2.069,-3.219],[-3.177,0.948],[-3.427,0.073]],"v":[[-45.515,19.218],[-47.765,21.218],[-29.765,33.718],[-11.14,23.093],[-12.515,19.593],[-27.515,21.468]],"c":true}]}],"ix":2},"nm":"Path 1","mn":"ADBE Vector Shape - Group","hd":false},{"ty":"tr","p":{"a":0,"k":[27.905,-15.495],"ix":2},"a":{"a":0,"k":[-29.165,12.957],"ix":1},"s":{"a":0,"k":[100,100],"ix":3},"r":{"a":0,"k":0,"ix":6},"o":{"a":0,"k":100,"ix":7},"sk":{"a":0,"k":0,"ix":4},"sa":{"a":0,"k":0,"ix":5},"nm":"Transform"}],"nm":"Shape 3","np":3,"cix":2,"bm":0,"ix":3,"mn":"ADBE Vector Group","hd":false},{"ty":"gr","it":[{"ind":0,"ty":"sh","ix":1,"ks":{"a":1,"k":[{"i":{"x":0.198,"y":1},"o":{"x":0.333,"y":0},"t":0,"s":[{"i":[[3.077,1.412],[-1.375,-2.375],[-11.875,0],[-2.25,3.5],[2.047,-0.769],[5.048,-0.037]],"o":[[-2.576,-1.182],[1.165,2.012],[11.5,0],[2.069,-3.219],[-3.423,1.287],[-5.048,0.037]],"v":[[-45.39,19.968],[-47.64,21.968],[-29.64,34.468],[-11.015,23.843],[-12.39,20.343],[-29.89,22.468]],"c":true}]},{"i":{"x":0.833,"y":0.833},"o":{"x":0.167,"y":0.167},"t":30,"s":[{"i":[[1.875,2.125],[-1.375,-2.375],[-11.875,0],[-2.25,3.5],[1.875,-1.125],[13.25,0]],"o":[[-1.875,-2.125],[1.165,2.012],[11.5,0],[2.069,-3.219],[-1.875,1.125],[-8.75,0]],"v":[[-45.39,19.968],[-47.64,21.968],[-29.64,34.468],[-11.015,23.843],[-12.39,20.343],[-30.39,25.468]],"c":true}]},{"i":{"x":0.427,"y":1},"o":{"x":0.609,"y":0},"t":33,"s":[{"i":[[1.875,2.125],[-1.375,-2.375],[-11.875,0],[-2.25,3.5],[1.875,-1.125],[13.25,0]],"o":[[-1.875,-2.125],[1.165,2.012],[11.5,0],[2.069,-3.219],[-1.875,1.125],[-8.75,0]],"v":[[-45.39,19.968],[-47.64,21.968],[-29.64,34.468],[-11.015,23.843],[-12.39,20.343],[-30.39,25.468]],"c":true}]},{"t":54,"s":[{"i":[[3.077,1.412],[-1.375,-2.375],[-11.875,0],[-2.25,3.5],[2.047,-0.769],[5.048,-0.037]],"o":[[-2.576,-1.182],[1.165,2.012],[11.5,0],[2.069,-3.219],[-3.423,1.287],[-5.048,0.037]],"v":[[-45.39,19.968],[-47.64,21.968],[-29.64,34.468],[-11.015,23.843],[-12.39,20.343],[-29.89,22.468]],"c":true}]}],"ix":2},"nm":"Path 1","mn":"ADBE Vector Shape - Group","hd":false},{"ty":"tr","p":{"a":0,"k":[-30.224,-15.834],"ix":2},"a":{"a":0,"k":[-29.165,12.957],"ix":1},"s":{"a":0,"k":[100,100],"ix":3},"r":{"a":0,"k":0,"ix":6},"o":{"a":0,"k":100,"ix":7},"sk":{"a":0,"k":0,"ix":4},"sa":{"a":0,"k":0,"ix":5},"nm":"Transform"}],"nm":"Shape 4","np":3,"cix":2,"bm":0,"ix":4,"mn":"ADBE Vector Group","hd":false},{"ty":"tr","p":{"a":0,"k":[0.352,-11.683],"ix":2},"a":{"a":0,"k":[-0.63,-30.245],"ix":1},"s":{"a":0,"k":[100,100],"ix":3},"r":{"a":0,"k":0,"ix":6},"o":{"a":0,"k":100,"ix":7},"sk":{"a":0,"k":0,"ix":4},"sa":{"a":0,"k":0,"ix":5},"nm":"Transform"}],"nm":"Group 2","np":4,"cix":2,"bm":0,"ix":1,"mn":"ADBE Vector Group","hd":false},{"ty":"gr","it":[{"ty":"rc","d":3,"s":{"a":1,"k":[{"i":{"x":[0.198,0.198],"y":[1,1]},"o":{"x":[0.333,0.333],"y":[0,0]},"t":0,"s":[21.7,16]},{"i":{"x":[0.833,0.833],"y":[0.833,0.833]},"o":{"x":[0.167,0.167],"y":[0.167,0.167]},"t":31,"s":[31.101,6.316]},{"i":{"x":[0.427,0.427],"y":[1,1]},"o":{"x":[0.609,0.609],"y":[0,0]},"t":33,"s":[31.101,6.316]},{"t":54,"s":[21.7,16]}],"ix":2},"p":{"a":0,"k":[0,0],"ix":3},"r":{"a":1,"k":[{"i":{"x":[0.198],"y":[1]},"o":{"x":[0.333],"y":[0]},"t":0,"s":[37.4]},{"i":{"x":[0.833],"y":[0.833]},"o":{"x":[0.167],"y":[0.167]},"t":31,"s":[20]},{"i":{"x":[0.427],"y":[1]},"o":{"x":[0.609],"y":[0]},"t":33,"s":[20]},{"t":54,"s":[37.4]}],"ix":4},"nm":"Rectangle Path 1","mn":"ADBE Vector Shape - Rect","hd":false},{"ty":"tr","p":{"a":0,"k":[0.118,46.313],"ix":2},"a":{"a":0,"k":[0,0],"ix":1},"s":{"a":0,"k":[100,100],"ix":3},"r":{"a":0,"k":0,"ix":6},"o":{"a":0,"k":100,"ix":7},"sk":{"a":0,"k":0,"ix":4},"sa":{"a":0,"k":0,"ix":5},"nm":"Transform"}],"nm":"Rectangle 1","np":3,"cix":2,"bm":0,"ix":2,"mn":"ADBE Vector Group","hd":false},{"ty":"tr","p":{"a":0,"k":[-0.549,16.288],"ix":2,"x":"var $bm_rt;\n$bm_rt = $bm_sum(value, $bm_div(thisComp.layer('Face CONTROL').transform.position, 3.33));"},"a":{"a":0,"k":[-0.549,16.288],"ix":1},"s":{"a":0,"k":[100,100],"ix":3,"x":"var $bm_rt;\n$bm_rt = $bm_sub($bm_sum(value, thisComp.layer('Face CONTROL').transform.scale), [\n    100,\n    100\n]);"},"r":{"a":0,"k":0,"ix":6,"x":"var $bm_rt;\n$bm_rt = $bm_sum(value, thisComp.layer('Face CONTROL').transform.rotation);"},"o":{"a":0,"k":100,"ix":7},"sk":{"a":0,"k":0,"ix":4},"sa":{"a":0,"k":0,"ix":5},"nm":"Transform"}],"nm":"Group 1","np":2,"cix":2,"bm":0,"ix":1,"mn":"ADBE Vector Group","hd":false},{"ind":1,"ty":"sh","ix":2,"ks":{"a":0,"k":{"i":[[-39.994,0],[0,-39.994],[39.994,0],[0,39.994]],"o":[[39.994,0],[0,39.994],[-39.994,0],[0,-39.994]],"v":[[0,-72.416],[72.416,0],[0,72.416],[-72.416,0]],"c":true},"ix":2},"nm":"Path 1","mn":"ADBE Vector Shape - Group","hd":false},{"ty":"gf","o":{"a":0,"k":100,"ix":10},"r":1,"bm":0,"g":{"p":3,"k":{"a":0,"k":[0.662,1,0.843,0.212,0.857,0.904,0.641,0.114,0.982,0.808,0.439,0.016],"ix":9}},"s":{"a":0,"k":[0.744,-13.84],"ix":5},"e":{"a":0,"k":[0.658,65.297],"ix":6},"t":2,"h":{"a":0,"k":0,"ix":7},"a":{"a":0,"k":0,"ix":8},"nm":"1213","mn":"ADBE Vector Graphic - G-Fill","hd":false},{"ty":"tr","p":{"a":0,"k":[0.666,-1.301],"ix":2},"a":{"a":0,"k":[0.666,-0.801],"ix":1},"s":{"a":0,"k":[100,100],"ix":3},"r":{"a":0,"k":0,"ix":6},"o":{"a":0,"k":100,"ix":7},"sk":{"a":0,"k":0,"ix":4},"sa":{"a":0,"k":0,"ix":5},"nm":"Transform"}],"nm":"Ellipse 1","np":4,"cix":2,"bm":0,"ix":1,"mn":"ADBE Vector Group","hd":false}],"ip":0,"op":54,"st":0,"bm":0},{"ddd":0,"ind":7,"ty":4,"nm":"Dark_Base","parent":2,"sr":1,"ks":{"o":{"a":0,"k":100,"ix":11},"r":{"a":0,"k":0,"ix":10},"p":{"a":0,"k":[59.695,60,0],"ix":2},"a":{"a":0,"k":[0,0,0],"ix":1},"s":{"a":0,"k":[100,100,100],"ix":6}},"ao":0,"shapes":[{"ty":"gr","it":[{"ind":0,"ty":"sh","ix":1,"ks":{"a":0,"k":{"i":[[-39.994,0],[0,-39.994],[39.994,0],[0,39.994]],"o":[[39.994,0],[0,39.994],[-39.994,0],[0,-39.994]],"v":[[0,-72.416],[72.416,0],[0,72.416],[-72.416,0]],"c":true},"ix":2},"nm":"Path 1","mn":"ADBE Vector Shape - Group","hd":false},{"ty":"fl","c":{"a":0,"k":[0.341176480055,0.160784319043,0.027450980619,1],"ix":4},"o":{"a":0,"k":100,"ix":5},"r":1,"bm":0,"nm":"Fill 1","mn":"ADBE Vector Graphic - Fill","hd":false},{"ty":"tr","p":{"a":0,"k":[0,-0.5],"ix":2},"a":{"a":0,"k":[0,0],"ix":1},"s":{"a":0,"k":[100,100],"ix":3},"r":{"a":0,"k":0,"ix":6},"o":{"a":0,"k":100,"ix":7},"sk":{"a":0,"k":0,"ix":4},"sa":{"a":0,"k":0,"ix":5},"nm":"Transform"}],"nm":"Ellipse 1","np":3,"cix":2,"bm":0,"ix":1,"mn":"ADBE Vector Group","hd":false}],"ip":0,"op":54,"st":0,"bm":0},{"ddd":0,"ind":8,"ty":3,"nm":"Zero_Face CONTROL","parent":2,"sr":1,"ks":{"o":{"a":0,"k":0,"ix":11},"r":{"a":0,"k":0,"ix":10},"p":{"a":0,"k":[59.216,75.9,0],"ix":2},"a":{"a":0,"k":[0,0,0],"ix":1},"s":{"a":0,"k":[30,30,100],"ix":6}},"ao":0,"ip":0,"op":54,"st":0,"bm":0}],"markers":[{"tm":53,"cm":"1","dr":0}]}